date,open,high,close,low,volume,price_change,p_change,ma5,ma10,ma20,v_ma5,v_ma10,v_ma20
2018-11-30,3.58,3.61,3.61,3.58,661552.5,0.02,0.56,3.596,3.603,3.615,645381.0,712788.75,923984.63
2018-11-29,3.61,3.62,3.59,3.58,544740.94,-0.01,-0.28,3.592,3.602,3.62,682770.55,778843.98,987469.03
2018-11-28,3.58,3.62,3.6,3.58,590109.94,0.02,0.56,3.596,3.603,3.624,669901.37,832108.64,1031120.63
2018-11-27,3.61,3.61,3.58,3.58,585087.88,-0.02,-0.56,3.598,3.601,3.63,676857.99,902920.15,1067229.31
2018-11-26,3.59,3.62,3.6,3.59,845413.75,0.01,0.28,3.602,3.605,3.638,743745.41,954964.59,1125587.09
2018-11-23,3.6,3.62,3.59,3.58,848500.25,-0.02,-0.55,3.61,3.606,3.643,780196.51,959184.33,1163492.76
2018-11-22,3.62,3.62,3.61,3.59,480395.03,0.0,0.0,3.612,3.606,3.649,874917.41,1035067.48,1188118.73
2018-11-21,3.59,3.62,3.61,3.58,624893.06,0.01,0.28,3.61,3.612,3.654,994315.9,1056633.01,1226154.69
2018-11-20,3.63,3.63,3.6,3.6,919524.94,-0.04,-1.1,3.604,3.617,3.658,1128982.31,1084200.75,1294206.42
2018-11-19,3.61,3.64,3.64,3.6,1027669.25,0.04,1.11,3.608,3.623,3.659,1166183.77,1095201.05,1326797.44
2018-11-16,3.6,3.62,3.6,3.58,1322104.75,0.0,0.0,3.602,3.627,3.662,1138172.16,1135180.51,1395757.59
2018-11-15,3.57,3.6,3.6,3.57,1077387.5,0.02,0.56,3.6,3.638,3.662,1195217.56,1196094.08,1421274.64
2018-11-14,3.62,3.62,3.58,3.56,1298225.12,-0.04,-1.1,3.614,3.645,3.658,1118950.11,1230132.63,1427311.58
2018-11-13,3.58,3.63,3.62,3.58,1105532.25,0.01,0.28,3.63,3.659,3.656,1039419.19,1231538.46,1422637.42
2018-11-12,3.59,3.62,3.61,3.58,887611.19,0.02,0.56,3.638,3.671,3.651,1024218.33,1296209.59,1413922.0
2018-11-09,3.66,3.66,3.59,3.59,1607331.75,-0.08,-2.18,3.652,3.68,3.645,1132188.86,1367801.2,1415906.68
2018-11-08,3.68,3.69,3.67,3.66,696050.25,0.01,0.27,3.676,3.692,3.643,1196970.59,1341169.97,1410735.06
2018-11-07,3.67,3.69,3.66,3.65,900570.5,0.0,0.0,3.676,3.696,3.635,1341315.14,1395676.38,1480236.73
2018-11-06,3.68,3.68,3.66,3.64,1029527.94,-0.02,-0.54,3.688,3.698,3.632,1423657.74,1504212.1,1483048.0
2018-11-05,3.69,3.7,3.68,3.66,1427463.88,-0.03,-0.81,3.704,3.694,3.628,1568200.85,1558393.83,1489288.24
2018-11-02,3.7,3.72,3.71,3.68,1931240.38,0.04,1.09,3.708,3.696,3.625,1603413.53,1656334.66,1509852.47
2018-11-01,3.72,3.73,3.67,3.67,1417773.0,-0.05,-1.34,3.708,3.686,3.626,1485369.35,1646455.21,1512558.1
2018-10-31,3.74,3.75,3.72,3.7,1312283.5,-0.02,-0.54,3.716,3.671,3.626,1450037.63,1624490.53,1488824.25
2018-10-30,3.7,3.75,3.74,3.7,1752243.5,0.04,1.08,3.708,3.653,3.624,1584766.45,1613736.38,1515624.03
2018-10-29,3.71,3.75,3.7,3.67,1603527.25,-0.01,-0.27,3.684,3.63,3.62,1548586.8,1531634.41,1488153.14
2018-10-26,3.71,3.73,3.71,3.68,1341019.5,0.0,0.0,3.684,3.61,3.619,1709255.8,1464012.16,1536020.3
2018-10-25,3.63,3.71,3.71,3.62,1241114.38,0.03,0.81,3.664,3.594,3.612,1807541.08,1480300.16,1540747.04
2018-10-24,3.62,3.73,3.68,3.62,1985927.62,0.06,1.66,3.626,3.573,3.604,1798943.42,1564797.08,1530884.17
2018-10-23,3.68,3.69,3.62,3.61,1571345.25,-0.08,-2.16,3.598,3.565,3.598,1642706.3,1461883.91,1472527.98
2018-10-22,3.62,3.72,3.7,3.61,2406872.25,0.09,2.49,3.576,3.562,3.593,1514682.03,1420182.66,1421565.09
2018-10-19,3.5,3.62,3.61,3.49,1832445.88,0.09,2.56,3.536,3.554,3.585,1218768.51,1363370.28,1335946.28
2018-10-18,3.53,3.55,3.52,3.51,1198126.12,-0.02,-0.56,3.524,3.565,3.581,1153059.24,1378660.99,1288783.29
2018-10-17,3.54,3.55,3.54,3.5,1204742.0,0.03,0.85,3.52,3.581,3.58,1330650.74,1353157.98,1266677.46
2018-10-16,3.51,3.54,3.51,3.5,931223.88,0.01,0.29,3.532,3.595,3.578,1281061.51,1417511.69,1242757.81
2018-10-15,3.54,3.54,3.5,3.5,927304.69,-0.05,-1.41,3.548,3.609,3.579,1325683.29,1444671.87,1234235.7
2018-10-12,3.49,3.55,3.55,3.48,1503899.5,0.05,1.43,3.572,3.627,3.579,1507972.05,1608028.45,1216705.18
2018-10-11,3.54,3.56,3.5,3.46,2086083.62,-0.1,-2.78,3.606,3.629,3.577,1604262.75,1601193.92,1176367.49
2018-10-10,3.6,3.62,3.6,3.58,956795.88,0.01,0.28,3.642,3.635,3.578,1375665.23,1496971.27,1115621.06
2018-10-09,3.61,3.62,3.59,3.58,1154332.75,-0.03,-0.83,3.658,3.63,3.577,1553961.87,1483172.06,1115676.88
2018-10-08,3.66,3.66,3.62,3.59,1838748.5,-0.1,-2.69,3.67,3.623,3.575,1563660.45,1422947.52,1093748.22
2018-09-28,3.68,3.75,3.72,3.67,1985353.0,0.04,1.09,3.682,3.615,3.572,1708084.85,1308522.28,1076054.37
2018-09-27,3.67,3.68,3.68,3.64,943096.0,0.0,0.0,3.652,3.597,3.562,1598125.1,1198905.58,1011086.64
2018-09-26,3.65,3.71,3.68,3.64,1848279.12,0.03,0.82,3.628,3.578,3.556,1618277.31,1180196.94,998516.2
2018-09-25,3.65,3.67,3.65,3.63,1202825.62,-0.03,-0.81,3.602,3.561,3.55,1412382.25,1068003.92,947256.56
2018-09-21,3.57,3.69,3.68,3.56,2560870.5,0.11,3.08,3.576,3.548,3.545,1282234.6,1023799.54,947239.96
2018-09-20,3.58,3.6,3.57,3.54,1435554.25,0.01,0.28,3.548,3.531,3.538,908959.71,825381.91,873904.67
2018-09-19,3.55,3.58,3.56,3.54,1043857.06,0.01,0.28,3.542,3.524,3.534,799686.06,751541.06,832219.48
2018-09-18,3.53,3.55,3.55,3.51,818803.81,0.03,0.85,3.528,3.521,3.531,742116.56,734270.86,799904.59
2018-09-17,3.53,3.54,3.52,3.51,552087.38,-0.02,-0.56,3.52,3.524,3.53,723625.6,748181.7,801365.68
2018-09-14,3.54,3.55,3.54,3.53,694496.06,0.0,0.0,3.52,3.527,3.529,765364.47,764548.91,816746.35
2018-09-13,3.51,3.54,3.54,3.5,889186.0,0.05,1.43,3.514,3.528,3.524,741804.1,843586.46,814989.4
2018-09-12,3.5,3.51,3.49,3.47,756009.56,-0.02,-0.57,3.506,3.527,3.521,703396.05,823267.69,816945.74
2018-09-11,3.51,3.53,3.51,3.49,726349.0,-0.01,-0.28,3.514,3.534,3.519,726425.15,816835.46,829001.43
2018-09-10,3.5,3.53,3.52,3.49,760781.75,0.01,0.28,3.528,3.539,3.519,772737.8,826509.2,832350.88
2018-09-07,3.5,3.53,3.51,3.5,576694.19,0.01,0.29,3.534,3.542,3.518,763733.35,870680.38,853698.68
2018-09-06,3.53,3.54,3.5,3.5,697145.75,-0.03,-0.85,3.542,3.544,3.52,945368.81,922427.43,858659.72
2018-09-05,3.57,3.58,3.53,3.53,871155.06,-0.05,-1.4,3.548,3.544,3.523,943139.34,912897.91,875177.76
2018-09-04,3.55,3.59,3.58,3.53,957912.25,0.03,0.84,3.554,3.541,3.523,907245.76,865538.32,873474.94
2018-09-03,3.55,3.56,3.55,3.53,715759.5,0.0,0.0,3.55,3.535,3.522,880280.6,854549.67,879472.95
2018-08-31,3.54,3.58,3.55,3.53,1484871.5,0.02,0.57,3.55,3.53,3.52,977627.4,868943.78,907352.87
2018-08-30,3.56,3.57,3.53,3.53,685998.38,-0.03,-0.84,3.546,3.52,3.518,899486.05,786392.34,873688.73
2018-08-29,3.55,3.56,3.56,3.54,691687.19,0.0,0.0,3.54,3.514,3.516,882656.49,810623.79,916531.72
2018-08-28,3.55,3.58,3.56,3.55,823086.44,0.01,0.28,3.528,3.503,3.516,823830.87,841167.41,950341.68
2018-08-27,3.54,3.56,3.55,3.53,1202493.5,0.02,0.57,3.52,3.498,3.519,828818.74,838192.55,978052.2
2018-08-24,3.5,3.57,3.53,3.48,1094164.75,0.03,0.86,3.51,3.493,3.522,760260.16,836716.97,985695.23
2018-08-23,3.5,3.52,3.5,3.48,601850.56,0.0,0.0,3.494,3.495,3.523,673298.62,794892.01,968190.35
2018-08-22,3.51,3.52,3.5,3.48,397559.12,-0.02,-0.57,3.488,3.501,3.527,738591.1,837457.61,993431.97
2018-08-21,3.5,3.54,3.52,3.48,848025.75,0.02,0.57,3.478,3.505,3.532,858503.95,881411.56,1021697.56
2018-08-20,3.46,3.5,3.5,3.45,859700.62,0.05,1.45,3.476,3.508,3.535,847566.36,904396.23,1068931.95
2018-08-17,3.48,3.48,3.45,3.44,659357.06,-0.02,-0.58,3.476,3.51,3.54,913173.79,945761.96,1118321.82
2018-08-16,3.43,3.48,3.47,3.42,928312.94,0.02,0.58,3.496,3.515,3.545,916485.4,960985.12,1180387.91
2018-08-15,3.5,3.51,3.45,3.45,997123.38,-0.06,-1.71,3.514,3.517,3.544,936324.12,1022439.64,1174838.37
2018-08-14,3.5,3.51,3.51,3.47,793337.81,0.01,0.29,3.532,3.529,3.545,904319.16,1059515.95,1182179.77
2018-08-13,3.52,3.53,3.5,3.46,1187737.75,-0.04,-1.13,3.54,3.54,3.544,961226.1,1117911.86,1178740.42
2018-08-10,3.56,3.57,3.55,3.53,675915.12,-0.01,-0.28,3.544,3.55,3.544,978350.12,1134673.48,1177329.25
2018-08-09,3.52,3.57,3.56,3.51,1027506.56,0.03,0.85,3.534,3.551,3.545,1005484.84,1141488.69,1210125.35
2018-08-08,3.55,3.56,3.54,3.52,837098.56,-0.02,-0.56,3.52,3.552,3.556,1108555.15,1149406.34,1235347.42
2018-08-07,3.51,3.56,3.55,3.5,1077872.5,0.04,1.14,3.526,3.558,3.565,1214712.74,1161983.56,1246866.83
2018-08-06,3.49,3.55,3.52,3.49,1273357.88,0.03,0.86,3.54,3.562,3.574,1274597.61,1233467.66,1253808.24
2018-08-03,3.49,3.53,3.5,3.47,811588.69,0.01,0.29,3.556,3.57,3.586,1290996.84,1290881.68,1269917.37
2018-08-02,3.55,3.56,3.49,3.47,1542858.12,-0.07,-1.97,3.568,3.575,3.591,1277492.55,1399790.71,1275866.15
2018-08-01,3.62,3.66,3.57,3.56,1367886.5,-0.05,-1.38,3.584,3.571,3.595,1190257.53,1327237.1,1254938.2
2018-07-31,3.59,3.63,3.62,3.56,1377296.88,0.02,0.56,3.59,3.561,3.594,1109254.39,1304843.59,1226821.45
2018-07-30,3.56,3.6,3.6,3.55,1355354.0,0.04,1.12,3.584,3.548,3.588,1192337.71,1239568.98,1215187.59
2018-07-27,3.56,3.57,3.56,3.54,744067.25,-0.01,-0.28,3.584,3.537,3.582,1290766.51,1219985.01,1220321.5
2018-07-26,3.6,3.62,3.57,3.55,1106683.0,-0.02,-0.56,3.582,3.538,3.585,1522088.86,1278762.01,1222312.92
2018-07-25,3.61,3.62,3.6,3.58,962870.81,0.0,0.0,3.558,3.56,3.584,1464216.67,1321288.5,1222185.21
2018-07-24,3.58,3.64,3.59,3.57,1792713.5,0.0,0.0,3.532,3.571,3.585,1500432.79,1331750.1,1242693.58
2018-07-23,3.53,3.61,3.6,3.51,1847498.0,0.05,1.41,3.512,3.585,3.588,1286800.24,1274148.81,1228994.69
2018-07-20,3.45,3.58,3.55,3.44,1900679.0,0.1,2.9,3.49,3.601,3.594,1149203.51,1248953.06,1186507.48
2018-07-19,3.47,3.47,3.45,3.43,817322.06,-0.01,-0.29,3.494,3.606,3.603,1035435.16,1151941.59,1123243.2
2018-07-18,3.49,3.52,3.47,3.46,1143951.38,-0.01,-0.29,3.562,3.619,3.617,1178360.33,1182639.31,1130102.98
2018-07-17,3.5,3.5,3.49,3.46,724550.75,-0.01,-0.29,3.61,3.626,3.631,1163067.4,1148799.32,1122195.38
2018-07-16,3.56,3.56,3.49,3.48,1159514.38,-0.07,-1.97,3.658,3.627,3.644,1261497.38,1190806.21,1253632.51
2018-07-13,3.62,3.62,3.57,3.55,1331837.25,-0.04,-1.11,3.712,3.626,3.657,1348702.6,1220657.98,1260356.05
2018-07-12,3.71,3.8,3.79,3.7,1531947.88,0.07,1.88,3.718,3.631,3.665,1268448.01,1165863.82,1241834.74
2018-07-11,3.67,3.73,3.71,3.66,1067486.75,-0.02,-0.54,3.676,3.608,3.662,1186918.29,1123081.92,1202045.52
2018-07-10,3.76,3.77,3.73,3.71,1216700.62,-0.02,-0.53,3.642,3.599,3.664,1134531.24,1153637.07,1174314.22
2018-07-09,3.61,3.77,3.76,3.6,1595540.5,0.16,4.44,3.596,3.591,3.664,1120115.04,1183840.57,1143759.57
2018-07-06,3.58,3.63,3.6,3.56,930564.31,0.02,0.56,3.54,3.586,3.663,1092613.36,1124061.91,1120149.07
2018-07-05,3.53,3.59,3.58,3.52,1124299.25,0.05,1.42,3.544,3.6,3.672,1063279.62,1094544.81,1115733.79
2018-07-04,3.5,3.55,3.54,3.49,805551.5,0.03,0.85,3.54,3.615,3.681,1059245.55,1077566.66,1095418.14
2018-07-03,3.46,3.51,3.5,3.46,1144619.62,0.03,0.86,3.556,3.635,3.694,1172742.9,1095591.45,1087847.66
2018-07-02,3.6,3.61,3.48,3.44,1458032.12,-0.13,-3.6,3.586,3.66,3.708,1247566.1,1316458.81,1076920.31
2018-06-29,3.57,3.62,3.62,3.56,783895.62,0.06,1.69,3.632,3.687,3.722,1155510.45,1300054.11,1060796.49
2018-06-28,3.59,3.61,3.56,3.55,1104128.88,-0.06,-1.66,3.656,3.699,3.73,1125810.0,1317805.66,1096749.6
2018-06-27,3.64,3.65,3.62,3.56,1373038.25,-0.03,-0.82,3.69,3.716,3.74,1095887.76,1281009.13,1087285.4
2018-06-26,3.68,3.68,3.65,3.6,1518735.62,-0.05,-1.35,3.714,3.728,3.75,1018440.0,1194991.38,1080275.45
2018-06-25,3.75,3.76,3.71,3.68,997753.88,-0.03,-0.8,3.734,3.736,3.759,1385351.53,1103678.56,1041334.96
2018-06-22,3.72,3.74,3.74,3.71,635393.38,0.0,0.0,3.742,3.739,3.765,1444597.78,1116236.24,1034282.44
2018-06-21,3.73,3.76,3.73,3.72,954517.69,0.0,0.0,3.742,3.743,3.768,1509801.32,1136922.76,1045281.53
2018-06-20,3.75,3.75,3.74,3.72,985799.44,-0.02,-0.53,3.742,3.747,3.773,1466130.49,1113269.62,1042592.36
2018-06-19,3.73,3.78,3.75,3.71,3353293.25,0.0,0.0,3.742,3.752,3.78,1371542.75,1080103.86,1048777.12
2018-06-15,3.73,3.76,3.75,3.72,1293985.12,0.02,0.54,3.738,3.756,3.788,822005.6,837381.81,926638.66
2018-06-14,3.71,3.74,3.74,3.7,961411.12,0.01,0.27,3.736,3.757,3.795,787874.7,821538.87,910412.14
2018-06-13,3.74,3.74,3.73,3.7,736163.5,-0.01,-0.27,3.744,3.761,3.8,764044.2,875693.54,892529.21
2018-06-12,3.73,3.75,3.74,3.72,512860.75,0.0,0.0,3.752,3.764,3.806,760408.76,893561.67,896167.79
2018-06-11,3.73,3.74,3.73,3.71,605607.5,-0.01,-0.27,3.762,3.772,3.814,788664.97,965559.52,910090.44
2018-06-08,3.77,3.78,3.74,3.73,1123330.62,-0.04,-1.06,3.774,3.781,3.822,852758.02,978991.35,953659.71
2018-06-07,3.78,3.8,3.78,3.77,842258.62,0.01,0.27,3.778,3.79,3.829,855203.05,952328.65,952618.25
2018-06-06,3.79,3.79,3.77,3.76,717986.31,-0.02,-0.53,3.778,3.792,3.834,987342.87,953640.29,940951.49
2018-06-05,3.79,3.8,3.79,3.77,654141.81,0.0,0.0,3.776,3.799,3.839,1026714.59,971915.09,940423.96
2018-06-04,3.77,3.8,3.79,3.76,926072.75,0.03,0.8,3.782,3.808,3.843,1142454.08,1017450.39,993230.44
2018-06-01,3.76,3.78,3.76,3.74,1135555.75,-0.01,-0.27,3.788,3.82,3.844,1105224.68,1015895.51,993848.93
2018-05-31,3.78,3.78,3.78,3.75,1502957.75,0.02,0.53,3.802,3.833,3.846,1049454.25,999285.41,973344.82
2018-05-30,3.8,3.8,3.76,3.76,914844.88,-0.07,-1.83,3.806,3.839,3.848,919937.71,909364.89,953215.33
2018-05-29,3.8,3.84,3.82,3.76,1232839.25,0.0,0.0,3.822,3.848,3.851,917115.6,898773.91,983319.71
2018-05-28,3.81,3.83,3.82,3.78,739925.75,0.0,0.0,3.834,3.855,3.851,892446.7,854621.36,963850.39
2018-05-25,3.81,3.83,3.83,3.8,856703.62,0.02,0.53,3.852,3.862,3.849,926566.35,928328.08,988918.56
2018-05-24,3.84,3.85,3.8,3.8,855375.06,-0.04,-1.04,3.864,3.868,3.848,949116.57,952907.84,991710.36
2018-05-23,3.87,3.87,3.84,3.84,900734.31,-0.04,-1.03,3.872,3.876,3.849,898792.06,928262.68,1036705.56
2018-05-22,3.91,3.91,3.88,3.85,1109494.75,-0.03,-0.77,3.874,3.879,3.847,880432.22,908932.83,1035777.76
2018-05-21,3.91,3.93,3.91,3.89,910524.0,0.01,0.26,3.876,3.877,3.842,816796.01,969010.49,1048092.81
2018-05-18,3.85,3.9,3.89,3.84,969454.75,0.04,1.04,3.872,3.868,3.835,930089.81,971802.34,1059729.52
2018-05-17,3.85,3.86,3.84,3.84,603752.5,-0.01,-0.26,3.872,3.859,3.83,956699.11,947404.23,1086192.81
2018-05-16,3.88,3.88,3.85,3.85,808935.12,-0.04,-1.03,3.88,3.856,3.826,957733.3,997065.78,1117677.33
2018-05-15,3.91,3.91,3.89,3.87,791313.69,-0.01,-0.26,3.884,3.853,3.822,937433.44,1067865.51,1213663.59
2018-05-14,3.9,3.93,3.89,3.88,1476993.0,-0.01,-0.26,3.878,3.846,3.821,1121224.98,1073079.43,1260489.13
2018-05-11,3.89,3.92,3.89,3.87,1102501.25,0.01,0.26,3.864,3.836,3.822,1013514.88,1049509.03,1273565.99
2018-05-10,3.88,3.9,3.88,3.86,608923.44,0.0,0.0,3.846,3.827,3.826,938109.34,1030512.88,1400812.97
2018-05-09,3.87,3.88,3.87,3.85,707435.81,0.0,0.0,3.832,3.822,3.828,1036398.25,1145148.43,1473753.17
2018-05-08,3.83,3.89,3.86,3.82,1710271.38,0.03,0.78,3.822,3.814,3.827,1198297.59,1162622.69,1509103.28
2018-05-07,3.81,3.84,3.82,3.79,938442.5,0.02,0.53,3.814,3.806,3.827,1024933.89,1127175.13,1491572.38
2018-05-04,3.81,3.82,3.8,3.8,725473.56,-0.02,-0.52,3.808,3.802,3.829,1085503.19,1147656.69,1527937.53
2018-05-03,3.8,3.83,3.81,3.79,1100368.0,0.0,0.0,3.808,3.801,3.833,1122916.41,1224981.39,1612040.15
2018-05-02,3.83,3.85,3.82,3.79,1516932.5,0.0,0.0,3.812,3.796,3.839,1253898.61,1238288.88,1714277.19
2018-04-27,3.8,3.82,3.82,3.77,843452.88,0.03,0.79,3.806,3.791,3.847,1126947.79,1359461.66,1770778.46
2018-04-26,3.81,3.81,3.79,3.76,1241289.0,-0.01,-0.26,3.798,3.796,3.854,1229416.36,1447898.83,1824043.14
2018-04-25,3.82,3.83,3.8,3.79,912539.69,-0.04,-1.04,3.796,3.808,3.862,1209810.19,1497622.96,1910066.41
2018-04-24,3.78,3.86,3.83,3.78,1755279.0,0.05,1.32,3.794,3.824,3.872,1327046.37,1771113.06,1975042.65
2018-04-23,3.76,3.8,3.79,3.76,882178.38,0.01,0.27,3.78,3.834,3.886,1222679.15,1802357.91,2068370.91
2018-04-20,3.78,3.79,3.78,3.74,1355795.75,-0.01,-0.26,3.776,3.84,3.905,1591975.52,1855583.87,2085795.62
2018-04-19,3.78,3.81,3.78,3.77,1143258.12,0.0,0.0,3.794,3.847,3.925,1666381.3,1855969.64,2078349.52
2018-04-18,3.81,3.81,3.79,3.76,1498720.62,0.03,0.8,3.82,3.855,3.944,1785435.72,1908218.36,2074511.05
2018-04-17,3.77,3.8,3.76,3.75,1233442.88,-0.01,-0.27,3.854,3.865,3.962,2215179.75,1999098.9,2033781.46
2018-04-16,3.85,3.86,3.77,3.76,2728660.25,-0.1,-2.58,3.888,3.881,3.98,2382036.67,2190265.49,2034703.97
2018-04-13,3.95,3.95,3.87,3.86,1727824.62,-0.04,-1.02,3.904,3.903,4.0,2119192.22,2182095.26,1955040.64
2018-04-12,3.95,3.96,3.91,3.9,1738530.25,-0.06,-1.51,3.9,3.911,4.015,2045557.98,2200187.44,1928742.38
2018-04-11,3.93,4.01,3.96,3.9,3647440.75,0.03,0.76,3.89,3.916,4.029,2031001.0,2322509.86,1933453.52
2018-04-10,3.85,3.94,3.93,3.83,2067727.5,0.08,2.08,3.876,3.919,4.04,1783018.05,2178972.24,1850644.21
2018-04-09,3.84,3.86,3.85,3.82,1414438.0,0.0,0.0,3.874,3.938,4.053,1998494.3,2334383.91,1813825.82
2018-04-04,3.87,3.89,3.85,3.85,1359653.38,-0.03,-0.77,3.902,3.97,4.07,2244998.3,2316007.36,1797135.41
2018-04-03,3.85,3.89,3.86,3.83,1665745.38,-0.02,-0.52,3.922,4.002,4.088,2354816.9,2300729.4,1836615.16
2018-04-02,3.93,3.94,3.89,3.87,2407526.0,-0.04,-1.02,3.942,4.033,4.105,2614018.73,2240803.74,1846744.27
2018-03-30,3.99,3.99,3.92,3.91,3145108.75,-0.07,-1.75,3.962,4.058,4.119,2574926.43,2068464.03,1799535.03
2018-03-29,3.96,4.02,3.99,3.91,2646958.0,0.03,0.76,4.002,4.079,4.131,2670273.53,1879142.45,1732431.31
2018-03-28,3.93,4.0,3.95,3.93,1908746.38,-0.02,-0.5,4.038,4.097,4.143,2387016.43,1727986.03,1680483.5
2018-03-27,4.03,4.04,3.96,3.93,2961754.5,-0.03,-0.75,4.082,4.118,4.157,2246641.9,1657297.33,1677617.31
2018-03-26,4.08,4.09,3.99,3.96,2212064.5,-0.13,-3.15,4.124,4.142,4.175,1867588.75,1544397.18,1654297.47
2018-03-23,4.11,4.13,4.12,4.03,3621844.25,-0.05,-1.2,4.154,4.16,4.196,1562001.63,1522316.19,1657303.61
2018-03-22,4.16,4.18,4.17,4.13,1230672.5,0.0,0.0,4.156,4.167,4.209,1088011.38,1293267.73,1549374.76
2018-03-21,4.17,4.19,4.17,4.16,1206873.75,0.0,0.0,4.156,4.17,4.219,1068955.63,1278263.46,1577347.46
2018-03-20,4.12,4.18,4.17,4.11,1066488.75,0.04,0.97,4.154,4.174,4.225,1067952.75,1372500.91,1584506.17
2018-03-19,4.13,4.14,4.14,4.12,684128.88,0.01,0.24,4.16,4.176,4.23,1221205.6,1452684.8,1661493.25
2018-03-16,4.17,4.18,4.13,4.13,1251893.0,-0.04,-0.96,4.166,4.179,4.234,1482630.75,1530606.02,1753281.57
2018-03-15,4.15,4.19,4.17,4.15,1135393.75,0.0,0.0,4.178,4.183,4.243,1498524.07,1585720.17,1972643.39
2018-03-14,4.18,4.19,4.16,4.15,1201859.38,-0.03,-0.72,4.184,4.188,4.256,1487571.3,1632980.97,2164085.51
2018-03-13,4.18,4.24,4.2,4.18,1832753.0,0.03,0.72,4.194,4.195,4.277,1677049.07,1697937.3,2433081.11
2018-03-12,4.2,4.21,4.17,4.16,1991254.62,-0.01,-0.24,4.192,4.207,4.306,1684164.0,1764197.77,2693318.51
2018-03-09,4.2,4.22,4.19,4.16,1331359.62,-0.01,-0.24,4.192,4.231,4.335,1578581.3,1792291.04,2828226.56
2018-03-08,4.22,4.22,4.2,4.18,1080629.88,-0.02,-0.47,4.188,4.251,4.355,1672916.27,1805481.8,2893797.22
2018-03-07,4.21,4.27,4.21,4.2,2149248.25,0.02,0.48,4.192,4.268,4.376,1778390.65,1876431.46,3044936.19
2018-03-06,4.17,4.21,4.19,4.13,1868327.62,0.03,0.72,4.196,4.276,4.392,1718825.52,1796511.44,3076899.42
2018-03-05,4.16,4.19,4.17,4.12,1463341.12,0.0,0.0,4.222,4.284,4.407,1844231.55,1870301.7,3122163.85
2018-03-02,4.2,4.2,4.17,4.14,1803034.5,-0.05,-1.19,4.27,4.288,4.428,2006000.77,1975957.11,3238908.73
2018-03-01,4.2,4.26,4.22,4.19,1608001.75,-0.01,-0.24,4.314,4.302,4.452,1938047.32,2359566.61,3364004.96
2018-02-28,4.27,4.28,4.23,4.21,1851422.62,-0.09,-2.08,4.344,4.323,4.473,1974472.27,2695190.04,3463359.13
2018-02-27,4.4,4.4,4.32,4.3,2495357.75,-0.08,-1.82,4.356,4.359,4.496,1874197.35,3168224.93,3643149.43
2018-02-26,4.42,4.48,4.41,4.36,2272187.25,0.02,0.46,4.346,4.404,4.514,1896371.85,3622439.25,3871336.84
2018-02-23,4.39,4.4,4.39,4.34,1463267.25,0.02,0.46,4.306,4.439,4.514,1945913.45,3864162.08,4011384.93
2018-02-22,4.34,4.4,4.37,4.34,1790126.5,0.09,2.1,4.29,4.459,4.514,2781085.9,3982112.65,4260882.84
2018-02-14,4.27,4.3,4.29,4.22,1350048.0,0.01,0.23,4.302,4.483,4.514,3415907.8,4213440.93,4489566.34
2018-02-13,4.24,4.35,4.27,4.23,2606230.25,0.06,1.43,4.362,4.508,4.511,4462252.5,4357287.4,4610504.34
2018-02-12,4.25,4.3,4.21,4.19,2519895.25,-0.08,-1.86,4.462,4.529,4.509,5348506.65,4374026.0,4610315.4
2018-02-09,4.3,4.34,4.31,4.12,5639129.5,-0.11,-2.49,4.572,4.568,4.507,5782410.7,4501860.35,4683202.63
2018-02-08,4.52,4.54,4.43,4.33,4964236.0,-0.16,-3.49,4.628,4.602,4.496,5183139.4,4368443.3,4496614.3
2018-02-07,4.82,4.87,4.59,4.52,6581771.5,-0.17,-3.57,4.664,4.622,4.479,5010974.05,4231528.23,4370800.76
2018-02-06,4.69,4.85,4.77,4.65,7037501.0,0.01,0.21,4.654,4.632,4.451,4252322.3,4118073.93,4215118.45
2018-02-05,4.51,4.78,4.76,4.51,4689415.5,0.18,3.93,4.596,4.624,4.411,3399545.35,4120234.43,3963918.11
2018-02-02,4.58,4.6,4.59,4.51,2642773.0,-0.04,-0.86,4.564,4.588,4.374,3221310.0,4158607.78,3842666.65
2018-02-01,4.53,4.65,4.61,4.52,4103409.25,0.07,1.54,4.576,4.569,4.344,3553747.2,4539653.03,3821997.05
2018-01-31,4.46,4.55,4.54,4.45,2788512.75,0.06,1.34,4.58,4.544,4.313,3452082.4,4765691.75,3728570.19
2018-01-30,4.57,4.61,4.48,4.47,2773616.25,-0.12,-2.61,4.61,4.514,4.286,3983825.55,4863721.28,3678408.73
2018-01-29,4.67,4.75,4.6,4.57,3798238.75,-0.05,-1.07,4.652,4.489,4.261,4840923.5,4846604.8,3746981.86
2018-01-26,4.61,4.73,4.65,4.56,4304959.0,0.02,0.43,4.612,4.446,4.23,5095905.55,4864544.9,3654374.01
2018-01-25,4.66,4.69,4.63,4.52,3595085.25,-0.06,-1.28,4.562,4.39,4.195,5525558.85,4624785.3,3511085.83
2018-01-24,4.71,4.79,4.69,4.62,5447228.5,0.01,0.21,4.508,4.335,4.159,6079301.1,4510073.3,3409398.58
2018-01-23,4.4,4.71,4.69,4.38,7059106.0,0.29,6.59,4.418,4.269,4.122,5743617.0,4312162.98,3208538.63
2018-01-22,4.37,4.52,4.4,4.35,5073149.0,0.0,0.0,4.326,4.198,4.083,4852286.1,3807601.8,2929156.78
2018-01-19,4.43,4.51,4.4,4.36,6453225.5,0.04,0.92,4.28,4.159,4.058,4633184.25,3526725.53,2708795.41
2018-01-18,4.27,4.36,4.36,4.24,6363796.5,0.12,2.83,4.218,4.118,4.033,3724011.75,3104341.08,2440460.86
2018-01-17,4.23,4.34,4.24,4.23,3768808.0,0.02,0.47,4.162,4.082,4.011,2940845.5,2691448.63,2190750.22
2018-01-16,4.17,4.23,4.23,4.16,2602451.5,0.05,1.2,4.12,4.058,3.994,2880708.95,2493096.19,2060201.72
2018-01-15,4.1,4.2,4.17,4.09,3977639.75,0.08,1.96,4.07,4.033,3.976,2762917.5,2647358.91,1969389.84
2018-01-12,4.09,4.12,4.09,4.07,1907363.0,0.0,0.0,4.038,4.014,3.961,2420266.8,2444203.11,1820500.22
2018-01-11,4.03,4.1,4.08,4.03,2447965.25,0.05,1.24,4.018,3.999,3.951,2484670.4,2397386.35,1771954.14
2018-01-10,3.97,4.04,4.03,3.96,3468125.25,0.07,1.77,4.002,3.983,3.943,2442051.75,2308723.86,1705727.44
2018-01-09,4.01,4.01,3.98,3.95,2013494.25,-0.03,-0.75,3.996,3.975,3.935,2105483.42,2104914.28,1569200.85
2018-01-08,3.98,4.02,4.01,3.98,2264386.25,0.03,0.75,3.996,3.968,3.932,2531800.32,2050711.75,1521864.53
2018-01-05,4.0,4.01,3.99,3.96,2229381.0,-0.01,-0.25,3.99,3.957,3.928,2468139.42,1890865.3,1456845.17
2018-01-04,4.0,4.03,4.0,3.97,2234872.0,0.0,0.0,3.98,3.948,3.926,2310102.3,1776580.65,1409444.86
2018-01-03,3.97,4.02,4.0,3.96,1785283.62,0.02,0.5,3.964,3.939,3.923,2175395.98,1690051.82,1376657.05
2018-01-02,3.98,4.05,3.98,3.93,4145078.75,0.01,0.25,3.954,3.929,3.922,2104345.13,1627307.26,1464013.46
2017-12-29,3.94,3.99,3.98,3.93,1946081.75,0.05,1.27,3.94,3.918,3.919,1569623.18,1291420.76,1314451.71
2017-12-28,3.9,3.95,3.94,3.9,1439195.38,0.02,0.51,3.924,3.907,3.915,1313591.17,1196797.33,1298564.66
2017-12-27,3.95,3.98,3.92,3.89,1561340.38,-0.03,-0.76,3.916,3.903,3.915,1243058.99,1146521.93,1292244.43
2017-12-26,3.92,3.97,3.95,3.91,1430029.38,0.03,0.77,3.914,3.902,3.915,1204707.66,1102731.02,1295366.75
2017-12-25,3.9,3.94,3.91,3.9,1471469.0,0.01,0.26,3.904,3.895,3.914,1150269.39,1033487.43,1303254.7
2017-12-22,3.91,3.91,3.9,3.89,665921.69,0.0,0.0,3.896,3.896,3.916,1013218.34,993017.31,1381212.2
2017-12-21,3.9,3.92,3.9,3.89,1086534.5,0.0,0.0,3.89,3.899,3.921,1080003.49,1022825.05,1438957.29
2017-12-20,3.9,3.92,3.91,3.88,1369583.75,0.02,0.51,3.89,3.903,3.926,1049984.88,1042309.08,1548889.27
2017-12-19,3.87,3.9,3.9,3.86,1157838.0,0.04,1.04,3.89,3.907,3.932,1000754.38,1063262.27,1682872.29
2017-12-18,3.88,3.89,3.87,3.85,786213.75,0.01,0.26,3.886,3.914,3.933,916705.46,1300719.67,1786770.89
2017-12-15,3.9,3.9,3.87,3.86,999847.44,-0.02,-0.51,3.896,3.919,3.937,972816.29,1337482.67,1863403.6
2017-12-14,3.91,3.93,3.9,3.88,936441.44,0.0,0.0,3.908,3.923,3.939,965646.6,1400332.0,1978879.32
2017-12-13,3.88,3.91,3.91,3.87,1123431.25,0.03,0.77,3.916,3.926,3.936,1034633.29,1437966.92,1986511.36
2017-12-12,3.93,3.93,3.88,3.88,737593.44,-0.05,-1.27,3.924,3.928,3.934,1125770.16,1488002.48,1986085.49
2017-12-11,3.92,3.93,3.92,3.9,1066767.88,0.0,0.0,3.942,3.932,3.933,1684733.88,1573021.98,2019144.73
2017-12-08,3.94,3.94,3.93,3.91,963999.0,-0.01,-0.25,3.942,3.935,3.932,1702149.05,1769407.09,2127214.03
2017-12-07,3.96,3.96,3.94,3.91,1281374.88,-0.02,-0.51,3.938,3.942,3.929,1835017.4,1855089.54,2179826.64
2017-12-06,3.98,4.0,3.95,3.94,1579115.62,-0.03,-0.75,3.936,3.948,3.927,1841300.55,2055469.45,2160642.94
2017-12-05,3.92,4.02,3.97,3.9,3532412.0,0.05,1.28,3.932,3.956,3.927,1850234.8,2302482.31,2173851.82
2017-12-04,3.92,3.93,3.92,3.89,1153843.75,0.0,0.0,3.922,3.952,3.924,1461310.08,2272822.11,2084394.46
2017-12-01,3.93,3.95,3.91,3.89,1628340.75,-0.02,-0.51,3.928,3.954,3.922,1836665.13,2389324.54,2105843.11
2017-11-30,3.93,3.95,3.93,3.9,1312790.62,0.0,0.0,3.946,3.955,3.92,1875161.68,2557426.64,2141844.79
2017-11-29,3.92,3.95,3.93,3.88,1623786.88,0.01,0.26,3.96,3.946,3.918,2269638.35,2535055.8,2188781.99
2017-11-28,3.93,3.94,3.92,3.89,1587788.38,-0.03,-0.76,3.98,3.939,3.917,2754729.83,2484168.5,2250169.18
2017-11-27,3.99,3.99,3.95,3.9,3030619.0,-0.05,-1.25,3.982,3.934,3.918,3084334.15,2465267.49,2300882.06
2017-11-24,3.99,4.03,4.0,3.96,1820823.5,0.0,0.0,3.98,3.928,3.923,2941983.95,2485020.96,2243741.93
2017-11-23,4.02,4.07,4.0,3.97,3285174.0,-0.03,-0.74,3.964,3.915,3.925,3239691.6,2504563.75,2262724.85
2017-11-22,3.94,4.04,4.03,3.93,4049244.25,0.11,2.81,3.932,3.906,3.925,2800473.25,2265816.43,2262662.65
2017-11-21,3.94,3.98,3.93,3.91,3235810.0,-0.01,-0.25,3.898,3.898,3.927,2213607.18,2045221.33,2131417.04
2017-11-20,3.91,3.96,3.94,3.89,2318868.0,0.02,0.51,3.886,3.896,3.936,1846200.83,1895966.8,2018812.16
2017-11-17,3.85,3.94,3.92,3.84,3309361.75,0.08,2.08,3.876,3.889,3.945,2028057.98,1822361.68,1961197.23
2017-11-16,3.87,3.87,3.84,3.83,1089082.25,-0.03,-0.78,3.866,3.885,3.957,1769435.9,1726262.95,1834879.77
2017-11-15,3.87,3.88,3.86,3.85,1114913.88,-0.02,-0.52,3.88,3.89,3.975,1731159.6,1842508.18,1876111.25
2017-11-14,3.87,3.88,3.87,3.85,1398778.25,-0.02,-0.51,3.898,3.895,3.99,1876835.48,2016169.86,1928828.8
2017-11-13,3.86,3.91,3.89,3.84,3228153.75,0.02,0.52,3.906,3.902,4.004,1945732.78,2136496.64,1898310.04
2017-11-10,3.92,3.92,3.87,3.84,2016251.38,-0.05,-1.28,3.902,3.918,4.017,1616665.38,2002462.89,1798421.62
2017-11-09,3.94,3.95,3.91,3.91,897700.75,-0.04,-1.01,3.904,3.934,4.03,1683090.0,2020885.95,1740251.79
2017-11-08,3.92,3.95,3.95,3.9,1843293.25,0.04,1.02,3.9,3.943,4.043,1953856.75,2259508.88,1745515.66
2017-11-07,3.87,3.93,3.91,3.86,1743264.75,0.04,1.03,3.892,3.955,4.054,2155504.25,2217612.75,1731140.83
2017-11-06,3.86,3.88,3.87,3.84,1582816.75,-0.01,-0.26,3.898,3.976,4.065,2327260.5,2141657.51,1704170.57
2017-11-03,3.88,3.89,3.88,3.84,2348374.5,-0.01,-0.26,3.934,4.0,4.078,2388260.4,2100032.78,1807169.72
2017-11-02,3.9,3.91,3.89,3.85,2251534.5,-0.02,-0.51,3.964,4.029,4.09,2358681.9,1943496.6,1737954.28
2017-11-01,3.94,3.95,3.91,3.89,2851530.75,-0.03,-0.76,3.986,4.059,4.102,2565161.0,1909714.32,1692932.76
2017-10-31,4.02,4.02,3.94,3.93,2602046.0,-0.11,-2.72,4.018,4.085,4.114,2279721.25,1841487.75,1610328.15
2017-10-30,4.03,4.07,4.05,4.01,1887816.25,0.02,0.5,4.054,4.105,4.127,1956054.53,1660123.45,1531036.64
2017-10-27,3.99,4.06,4.03,3.98,2200482.0,0.03,0.75,4.066,4.115,4.136,1811805.15,1594380.35,1525511.67
2017-10-26,4.07,4.08,4.0,3.97,3283930.0,-0.07,-1.72,4.094,4.126,4.144,1528311.29,1459617.64,1472385.01
2017-10-25,4.12,4.13,4.07,4.05,1424332.0,-0.05,-1.21,4.132,4.142,4.152,1254267.64,1231522.45,1365650.47
2017-10-24,4.11,4.14,4.12,4.11,983712.38,0.01,0.24,4.152,4.152,4.155,1403254.24,1244668.91,1353944.01
2017-10-23,4.16,4.17,4.11,4.11,1166569.38,-0.06,-1.44,4.156,4.154,4.153,1364192.36,1266683.63,1357494.44
2017-10-20,4.17,4.18,4.17,4.15,783012.69,-0.02,-0.48,4.164,4.155,4.151,1376955.54,1514306.67,1371898.49
2017-10-19,4.15,4.2,4.19,4.14,1913711.75,0.02,0.48,4.158,4.15,4.145,1390923.99,1532411.96,1429531.37
2017-10-18,4.14,4.19,4.17,4.11,2169265.0,0.03,0.72,4.152,4.145,4.142,1208777.25,1476151.19,1422646.93
2017-10-17,4.15,4.16,4.14,4.13,788403.0,-0.01,-0.24,4.152,4.143,4.142,1086083.57,1379168.55,1354775.2
2017-10-16,4.14,4.16,4.15,4.11,1230385.25,0.01,0.24,4.152,4.149,4.145,1169174.9,1401949.84,1378464.82
2017-10-13,4.15,4.15,4.14,4.12,852854.94,-0.02,-0.48,4.146,4.157,4.148,1651657.8,1456642.99,1366467.15
2017-10-12,4.18,4.18,4.16,4.14,1002978.06,-0.01,-0.24,4.142,4.162,4.151,1673899.92,1485152.37,1377184.67
2017-10-11,4.14,4.19,4.17,4.12,1555796.62,0.03,0.72,4.138,4.162,4.154,1743525.13,1499778.49,1374566.84
2017-10-10,4.13,4.14,4.14,4.1,1203859.62,0.02,0.48,4.134,4.158,4.158,1672253.53,1463219.11,1349543.97
2017-10-09,4.24,4.28,4.12,4.08,3642799.75,0.0,0.0,4.146,4.152,4.165,1634724.79,1448305.26,1375702.87
2017-09-29,4.13,4.16,4.12,4.11,964065.56,-0.02,-0.48,4.168,4.146,4.169,1261628.19,1229490.31,1281249.38
2017-09-28,4.15,4.16,4.14,4.1,1351104.12,-0.01,-0.24,4.182,4.14,4.173,1296404.82,1326650.79,1336520.55
2017-09-27,4.2,4.22,4.15,4.13,1199438.62,-0.05,-1.19,4.186,4.138,4.178,1256031.85,1369142.68,1405519.06
2017-09-26,4.21,4.22,4.2,4.2,1016215.88,-0.03,-0.71,4.182,4.141,4.184,1254184.68,1330381.84,1430007.44
2017-09-25,4.19,4.24,4.23,4.16,1777316.75,0.04,0.95,4.158,4.141,4.19,1261885.72,1354979.81,1477831.39
2017-09-22,4.14,4.2,4.19,4.14,1137948.75,0.03,0.72,4.124,4.138,4.19,1197352.42,1276291.31,1541983.64
2017-09-21,4.12,4.17,4.16,4.09,1149239.25,0.03,0.73,4.098,4.139,4.191,1356896.75,1269216.98,1667824.4
2017-09-20,4.07,4.14,4.13,4.06,1190202.75,0.05,1.23,4.09,4.145,4.186,1482253.5,1249355.19,1697260.81
2017-09-19,4.08,4.08,4.08,4.03,1054721.12,0.02,0.49,4.1,4.158,4.182,1406579.01,1235868.83,1745501.28
2017-09-18,4.07,4.1,4.06,4.05,1454650.25,0.0,0.0,4.124,4.177,4.178,1448073.89,1303100.49,1748684.35
2017-09-15,4.1,4.11,4.06,4.02,1935670.38,-0.06,-1.46,4.152,4.192,4.175,1355230.2,1333008.46,1732078.61
2017-09-14,4.19,4.2,4.12,4.1,1776023.0,-0.06,-1.44,4.18,4.206,4.172,1181537.2,1346390.31,1675746.66
2017-09-13,4.2,4.21,4.18,4.17,811830.31,-0.02,-0.48,4.2,4.217,4.167,1016456.88,1441895.44,1647295.21
2017-09-12,4.2,4.22,4.2,4.15,1262195.5,0.0,0.0,4.216,4.226,4.159,1065158.64,1529633.03,1696061.89
2017-09-11,4.21,4.26,4.2,4.19,990431.81,0.0,0.0,4.23,4.238,4.151,1158127.09,1600682.97,1821648.55
2017-09-08,4.22,4.23,4.2,4.18,1067205.38,-0.02,-0.47,4.232,4.241,4.137,1310786.73,1807675.96,1863147.82
2017-09-07,4.26,4.27,4.22,4.22,950621.38,-0.04,-0.94,4.232,4.242,4.124,1511243.43,2066431.83,1964005.58
2017-09-06,4.25,4.28,4.26,4.22,1055339.12,-0.01,-0.23,4.234,4.226,4.112,1867334.0,2145166.43,2004829.6
2017-09-05,4.21,4.29,4.27,4.2,1727037.75,0.06,1.43,4.236,4.206,4.098,1994107.43,2255133.74,2060563.32
2017-09-04,4.2,4.23,4.21,4.13,1753730.0,0.01,0.24,4.246,4.179,4.088,2043238.85,2194268.2,2077321.17
2017-09-01,4.22,4.26,4.2,4.16,2069488.88,-0.03,-0.71,4.25,4.157,4.078,2304565.2,2131148.75,2086242.42
2017-08-31,4.29,4.31,4.23,4.17,2731074.25,-0.04,-0.94,4.252,4.137,4.07,2621620.23,2005103.01,2098171.61
2017-08-30,4.3,4.37,4.27,4.24,1689206.25,-0.05,-1.16,4.218,4.116,4.061,2422998.85,1852694.99,2125621.78
2017-08-29,4.23,4.34,4.32,4.2,1972694.88,0.09,2.13,4.176,4.092,4.05,2516160.05,1862490.75,2243561.54
2017-08-28,4.23,4.35,4.23,4.2,3060361.75,0.02,0.47,4.112,4.064,4.032,2345297.55,2042614.14,2299461.89
2017-08-25,4.06,4.22,4.21,4.06,3654764.0,0.15,3.69,4.064,4.032,4.017,1957732.3,1918619.68,2317328.87
2017-08-24,4.06,4.13,4.06,4.05,1737967.38,0.0,0.0,4.022,4.006,4.0,1388585.8,1861579.33,2224937.93
2017-08-23,4.0,4.08,4.06,3.99,2155012.25,0.06,1.5,4.014,3.998,3.991,1282391.13,1864492.78,2242054.37
2017-08-22,3.99,4.01,4.0,3.96,1118382.38,0.01,0.25,4.008,3.99,3.983,1208821.45,1865992.9,2285227.09
2017-08-21,4.0,4.02,3.99,3.96,1122535.5,-0.01,-0.25,4.016,3.997,3.975,1739930.73,1960374.14,2395018.7
2017-08-18,4.0,4.03,4.0,3.98,809031.5,-0.02,-0.5,4.0,3.999,3.966,1879507.05,2041336.09,2485332.41
2017-08-17,4.03,4.03,4.02,3.98,1206994.0,-0.01,-0.25,3.99,4.002,3.955,2334572.85,2191240.21,2522988.14
2017-08-16,4.05,4.07,4.03,4.0,1787163.88,-0.01,-0.25,3.982,4.006,3.943,2446594.43,2398548.56,2560009.69
2017-08-15,3.92,4.08,4.04,3.92,3773928.75,0.13,3.33,3.972,4.008,3.93,2523164.35,2624632.33,2612742.41
2017-08-14,3.92,3.94,3.91,3.88,1820417.12,-0.04,-1.01,3.978,4.0,3.916,2180817.55,2556309.65,2561715.02
2017-08-11,3.94,3.96,3.95,3.85,3084360.5,-0.03,-0.75,3.998,4.001,3.91,2203165.13,2716038.06,2768992.29
2017-08-10,3.98,4.01,3.98,3.92,1767101.88,0.0,0.0,4.014,3.994,3.896,2047907.58,2588296.53,2755198.5
2017-08-09,4.05,4.07,3.98,3.98,2170013.5,-0.09,-2.21,4.03,3.983,3.888,2350502.7,2619615.96,2846790.26
2017-08-08,4.02,4.08,4.07,3.98,2062194.75,0.06,1.5,4.044,3.975,3.876,2726100.3,2704461.29,2901504.52
2017-08-07,4.02,4.06,4.01,3.97,1932155.0,-0.02,-0.5,4.022,3.953,3.859,2931801.75,2829663.26,2938916.59
2017-08-04,4.05,4.12,4.03,4.02,2308072.75,-0.03,-0.74,4.004,3.932,3.843,3228911.0,2929328.74,2901953.28
2017-08-03,4.05,4.15,4.06,4.01,3280077.5,0.01,0.25,3.974,3.907,3.826,3128685.47,2854736.06,2867841.97
2017-08-02,3.96,4.08,4.05,3.95,4048001.5,0.09,2.27,3.936,3.88,3.806,2888729.22,2721470.81,2784873.52
2017-08-01,3.92,3.97,3.96,3.92,3090702.0,0.04,1.02,3.906,3.851,3.788,2682822.27,2600852.49,2653851.87
2017-07-31,3.88,3.96,3.92,3.88,3417701.25,0.04,1.03,3.884,3.831,3.774,2727524.77,2567120.39,2597240.56
2017-07-28,3.85,3.89,3.88,3.82,1806945.12,0.01,0.26,3.86,3.818,3.762,2629746.47,2821946.51,2503393.52
2017-07-27,3.91,3.91,3.87,3.85,2080296.25,-0.03,-0.77,3.84,3.798,3.753,2580786.65,2922100.48,2488824.02
2017-07-26,3.85,3.95,3.9,3.85,3018466.75,0.05,1.3,3.824,3.792,3.744,2554212.4,3073964.55,2449082.96
2017-07-25,3.82,3.89,3.85,3.81,3314214.5,0.05,1.32,3.796,3.777,3.732,2518882.7,3098547.75,2376878.52
2017-07-24,3.77,3.84,3.8,3.76,2928809.75,0.02,0.53,3.778,3.764,3.723,2406716.0,3048169.93,2289448.47
2017-07-21,3.78,3.8,3.78,3.76,1562146.0,-0.01,-0.26,3.776,3.753,3.716,3014146.55,2874577.83,2285420.54
2017-07-20,3.77,3.79,3.79,3.74,1947425.0,0.03,0.8,3.756,3.744,3.71,3263414.3,2880947.89,2301509.38
2017-07-19,3.75,3.8,3.76,3.74,2841818.25,0.0,0.0,3.76,3.732,3.703,3593716.7,2848276.23,2407828.94
2017-07-18,3.76,3.81,3.76,3.73,2753381.0,-0.03,-0.79,3.758,3.724,3.696,3678212.8,2706851.26,2329320.92
2017-07-17,3.68,3.82,3.79,3.67,5965962.5,0.11,2.99,3.75,3.716,3.689,3689623.85,2627360.72,2232080.81
2017-07-14,3.68,3.69,3.68,3.64,2808484.75,0.04,1.1,3.73,3.706,3.68,2735009.1,2184840.54,2031519.27
2017-07-13,3.76,3.82,3.81,3.75,3598937.0,0.06,1.6,3.732,3.708,3.677,2498481.47,2055547.56,1931505.32
2017-07-12,3.73,3.77,3.75,3.72,3264298.75,0.03,0.81,3.704,3.695,3.667,2102835.75,1824201.37,1809894.35
2017-07-11,3.69,3.74,3.72,3.68,2810436.25,0.03,0.81,3.69,3.687,3.661,1735489.72,1655209.3,1725591.21
2017-07-10,3.68,3.7,3.69,3.67,1192888.75,0.0,0.0,3.682,3.681,3.657,1565097.6,1530727.02,1635045.55
2017-07-07,3.67,3.69,3.69,3.66,1625846.62,0.02,0.55,3.682,3.678,3.655,1634671.97,1696263.25,1662809.31
2017-07-06,3.68,3.69,3.67,3.66,1620708.38,-0.01,-0.27,3.684,3.676,3.653,1612613.65,1722070.87,1713489.6
2017-07-05,3.68,3.69,3.68,3.67,1427568.62,0.0,0.0,3.686,3.674,3.653,1545567.0,1967381.66,1688544.45
2017-07-04,3.68,3.7,3.68,3.66,1958475.62,-0.01,-0.27,3.684,3.668,3.653,1574928.87,1951790.57,1709583.39
2017-07-03,3.7,3.7,3.69,3.67,1540760.62,-0.01,-0.27,3.68,3.662,3.651,1496356.45,1836800.89,1666773.75
2017-06-30,3.67,3.7,3.7,3.66,1515555.0,0.02,0.54,3.674,3.654,3.648,1757854.52,1878198.01,1807207.37
2017-06-29,3.67,3.68,3.68,3.65,1285475.12,0.01,0.27,3.668,3.646,3.649,1831528.1,1807463.08,1830635.84
2017-06-28,3.66,3.68,3.67,3.65,1574378.0,0.01,0.27,3.662,3.639,3.652,2389196.33,1795587.33,1854295.4
2017-06-27,3.66,3.68,3.66,3.64,1565613.5,0.0,0.0,3.652,3.635,3.655,2328652.28,1795973.11,1894400.61
2017-06-26,3.67,3.7,3.66,3.65,2848251.0,-0.01,-0.27,3.644,3.633,3.657,2177245.33,1739364.07,1908577.08
2017-06-23,3.64,3.67,3.67,3.63,1883922.88,0.02,0.55,3.634,3.631,3.659,1998541.5,1629355.37,2011039.05
2017-06-22,3.62,3.69,3.65,3.62,4073816.25,0.03,0.83,3.624,3.63,3.658,1783398.05,1704908.33,1995547.85
2017-06-21,3.63,3.64,3.62,3.61,1271657.75,0.0,0.0,3.616,3.632,3.66,1201978.32,1409707.24,1920334.72
2017-06-20,3.61,3.63,3.62,3.61,808578.75,0.01,0.28,3.618,3.637,3.66,1263293.95,1467376.21,1927726.83
2017-06-19,3.61,3.63,3.61,3.6,1954731.88,-0.01,-0.28,3.622,3.639,3.66,1301482.81,1496746.62,1914689.85
2017-06-16,3.61,3.62,3.62,3.6,808205.62,0.01,0.28,3.628,3.641,3.66,1260169.24,1736216.73,1855332.04
2017-06-15,3.62,3.63,3.61,3.6,1166717.62,-0.02,-0.55,3.636,3.651,3.66,1626418.61,1853808.61,1865998.86
2017-06-14,3.64,3.64,3.63,3.61,1578235.88,-0.01,-0.28,3.648,3.664,3.661,1617436.16,1913003.47,1882022.62
2017-06-13,3.63,3.65,3.64,3.62,999523.06,0.0,0.0,3.656,3.674,3.662,1671458.46,1992828.11,1868538.97
2017-06-12,3.65,3.67,3.64,3.63,1748164.0,-0.02,-0.55,3.656,3.68,3.664,1692010.43,2077790.09,1947198.37
2017-06-09,3.67,3.69,3.66,3.64,2639452.5,-0.01,-0.27,3.654,3.686,3.663,2212264.23,2392722.74,1971124.52
2017-06-08,3.66,3.67,3.67,3.64,1121805.38,0.0,0.0,3.666,3.686,3.659,2081198.6,2286187.37,1902820.55
2017-06-07,3.64,3.68,3.67,3.63,1848347.38,0.03,0.82,3.68,3.687,3.654,2208570.78,2430962.2,1885818.45
2017-06-06,3.63,3.65,3.64,3.62,1102282.88,0.01,0.28,3.692,3.683,3.649,2314197.75,2388077.45,1862444.44
2017-06-05,3.72,3.73,3.63,3.61,4349433.0,-0.09,-2.42,3.704,3.68,3.644,2463569.75,2332633.09,1895114.23
2017-06-02,3.74,3.78,3.72,3.72,1984124.38,-0.02,-0.54,3.718,3.678,3.639,2573181.25,1974447.34,1714946.23
2017-06-01,3.72,3.75,3.74,3.71,1758666.25,0.01,0.27,3.706,3.668,3.629,2491176.13,1878189.12,1658045.79
2017-05-31,3.7,3.74,3.73,3.69,2376482.25,0.03,0.81,3.694,3.657,3.62,2653353.63,1851041.77,1603159.25
2017-05-26,3.68,3.71,3.7,3.67,1849142.88,0.0,0.0,3.674,3.65,3.613,2461957.15,1744249.83,1534127.55
2017-05-25,3.65,3.77,3.7,3.65,4897490.5,0.04,1.09,3.656,3.647,3.608,2201696.43,1816606.65,1494382.85
2017-05-24,3.67,3.69,3.66,3.63,1574098.75,-0.02,-0.54,3.638,3.639,3.602,1375713.43,1549526.3,1301555.41
2017-05-23,3.63,3.69,3.68,3.63,2569553.75,0.05,1.38,3.63,3.631,3.597,1265202.11,1519453.73,1274210.71
2017-05-22,3.61,3.65,3.63,3.61,1419499.88,0.02,0.55,3.62,3.62,3.592,1048729.91,1340674.7,1219163.98
2017-05-19,3.61,3.62,3.61,3.6,547839.25,0.0,0.0,3.626,3.614,3.587,1026542.51,1336811.43,1248705.85
2017-05-18,3.6,3.62,3.61,3.59,767575.5,-0.01,-0.28,3.638,3.607,3.582,1431516.86,1457595.37,1272739.24
2017-05-17,3.62,3.62,3.62,3.6,1021542.19,-0.01,-0.28,3.64,3.599,3.578,1723339.16,1455445.13,1302364.96
2017-05-16,3.66,3.67,3.63,3.61,1487192.75,-0.03,-0.82,3.632,3.59,3.576,1773705.35,1437902.46,1302580.87
2017-05-15,3.67,3.69,3.66,3.64,1308562.88,-0.01,-0.27,3.62,3.583,3.574,1632619.48,1355276.73,1304894.62
2017-05-12,3.61,3.69,3.67,3.6,2572711.0,0.05,1.38,3.602,3.576,3.572,1647080.35,1324005.27,1284862.66
2017-05-11,3.58,3.64,3.62,3.57,2226687.0,0.04,1.12,3.576,3.568,3.57,1483673.87,1172159.06,1209935.66
2017-05-10,3.56,3.6,3.58,3.56,1273373.12,0.01,0.28,3.558,3.564,3.57,1187551.09,1053584.53,1181246.66
2017-05-09,3.55,3.58,3.57,3.54,781763.38,0.0,0.0,3.548,3.563,3.572,1102099.56,1028967.68,1191335.05
2017-05-08,3.52,3.57,3.57,3.52,1380867.25,0.03,0.85,3.546,3.563,3.575,1077933.99,1097653.27,1211002.53
2017-05-05,3.52,3.56,3.54,3.49,1755678.62,0.01,0.28,3.55,3.56,3.578,1000930.19,1160600.27,1232669.44
2017-05-04,3.53,3.54,3.53,3.52,746073.06,0.0,0.0,3.56,3.557,3.584,860644.24,1087883.12,1218425.76
2017-05-03,3.55,3.56,3.53,3.52,846115.5,-0.03,-0.84,3.57,3.557,3.592,919617.96,1149284.79,1322333.08
2017-05-02,3.58,3.58,3.56,3.55,660935.5,-0.03,-0.84,3.578,3.561,3.6,955835.8,1167259.28,1379521.33
2017-04-28,3.58,3.59,3.59,3.57,995848.25,0.0,0.0,3.58,3.565,3.605,1117372.55,1254512.51,1447875.91
2017-04-27,3.58,3.59,3.59,3.55,1054248.88,0.01,0.28,3.57,3.567,3.608,1320270.35,1245720.04,1467032.5
2017-04-26,3.57,3.59,3.58,3.57,1040941.69,0.01,0.28,3.554,3.571,3.611,1315122.0,1247712.26,1453784.2
2017-04-25,3.57,3.58,3.57,3.56,1027204.69,0.0,0.0,3.544,3.575,3.614,1378951.61,1308908.79,1466227.84
2017-04-24,3.54,3.58,3.57,3.53,1468619.25,0.03,0.85,3.544,3.58,3.617,1378682.76,1353702.42,1461205.79
2017-04-21,3.51,3.56,3.54,3.5,2010337.25,0.03,0.85,3.55,3.586,3.619,1391652.46,1324351.79,1435692.81
2017-04-20,3.53,3.54,3.51,3.5,1028507.12,-0.02,-0.57,3.564,3.596,3.622,1171169.74,1304738.61,1400490.49
2017-04-19,3.56,3.57,3.53,3.52,1360089.75,-0.04,-1.12,3.588,3.611,3.629,1180302.51,1348968.41,1417965.7
2017-04-18,3.6,3.6,3.57,3.57,1025860.44,-0.03,-0.83,3.606,3.626,3.636,1238865.96,1495381.38,1404105.16
2017-04-17,3.6,3.61,3.6,3.57,1533467.75,-0.01,-0.28,3.616,3.639,3.64,1328722.07,1591783.38,1420458.22
2017-04-14,3.63,3.63,3.61,3.6,907923.62,-0.02,-0.55,3.622,3.645,3.644,1257051.12,1641239.31,1412944.17
2017-04-13,3.62,3.64,3.63,3.61,1074171.0,0.01,0.28,3.628,3.649,3.646,1438307.48,1688344.96,1406857.24
2017-04-12,3.61,3.63,3.62,3.6,1652907.0,0.0,0.0,3.634,3.65,3.648,1517634.3,1659856.14,1394585.68
2017-04-11,3.62,3.63,3.62,3.6,1475141.0,-0.01,-0.28,3.646,3.653,3.65,1751896.8,1623546.9,1368334.61
2017-04-10,3.64,3.64,3.63,3.62,1175113.0,-0.01,-0.28,3.662,3.654,3.651,1854844.68,1568709.17,1331273.79
2017-04-07,3.65,3.66,3.64,3.62,1814205.38,-0.02,-0.55,3.668,3.651,3.651,2025427.5,1547033.83,1337290.68
2017-04-06,3.67,3.68,3.66,3.65,1470805.12,-0.02,-0.54,3.67,3.647,3.651,1938382.45,1496242.38,1282740.02
2017-04-05,3.67,3.69,3.68,3.66,2824219.5,-0.02,-0.54,3.666,3.646,3.65,1802077.97,1486962.99,1273440.55
2017-03-31,3.65,3.71,3.7,3.64,1989880.38,0.04,1.09,3.66,3.645,3.648,1495197.0,1312828.93,1276410.54
2017-03-30,3.64,3.66,3.66,3.61,2028027.12,0.01,0.27,3.646,3.64,3.645,1282573.66,1249133.07,1219613.62
2017-03-29,3.64,3.66,3.65,3.63,1378980.12,0.01,0.28,3.634,3.642,3.646,1068640.16,1184649.02,1170969.97
2017-03-28,3.66,3.66,3.64,3.63,789282.75,-0.01,-0.27,3.624,3.643,3.647,1054102.31,1125369.52,1218030.61
2017-03-27,3.62,3.66,3.65,3.61,1289814.62,0.02,0.55,3.626,3.645,3.649,1171848.01,1129315.22,1220811.36
2017-03-24,3.61,3.63,3.63,3.6,926763.69,0.03,0.83,3.63,3.647,3.651,1130460.86,1113122.32,1218064.66
2017-03-23,3.61,3.63,3.6,3.6,958359.62,0.0,0.0,3.634,3.647,3.655,1215692.48,1093838.41,1228556.4
2017-03-22,3.64,3.65,3.6,3.59,1306290.88,-0.05,-1.37,3.65,3.651,3.662,1300657.88,1127547.52,1256276.46
2017-03-21,3.66,3.67,3.65,3.64,1378011.25,-0.02,-0.55,3.662,3.655,3.668,1196636.72,1069237.66,1249226.18
2017-03-20,3.64,3.67,3.67,3.64,1082878.88,0.02,0.55,3.664,3.654,3.671,1086782.44,1059918.11,1294528.45
2017-03-17,3.68,3.69,3.65,3.63,1352921.75,-0.03,-0.81,3.664,3.65,3.672,1095783.78,1239992.14,1403592.55
2017-03-16,3.66,3.69,3.68,3.65,1383186.62,0.02,0.55,3.66,3.65,3.671,971984.35,1190094.18,1406239.49
2017-03-15,3.65,3.66,3.66,3.64,786185.12,0.0,0.0,3.652,3.649,3.671,954437.17,1157290.92,1421889.52
2017-03-14,3.67,3.68,3.66,3.65,828739.81,-0.01,-0.27,3.648,3.65,3.672,941838.59,1310691.71,1514226.63
2017-03-13,3.63,3.67,3.67,3.62,1127885.62,0.04,1.1,3.644,3.652,3.67,1033053.77,1312307.5,1529000.88
2017-03-10,3.63,3.65,3.63,3.62,733924.56,-0.01,-0.28,3.636,3.654,3.668,1384200.5,1323007.0,1555045.68
2017-03-09,3.63,3.65,3.64,3.62,1295450.75,0.0,0.0,3.64,3.663,3.666,1408204.01,1363274.38,1587808.51
2017-03-08,3.63,3.64,3.64,3.62,723192.19,0.0,0.0,3.646,3.672,3.663,1360144.66,1385005.39,1574994.79
2017-03-07,3.62,3.64,3.64,3.61,1284815.75,0.01,0.28,3.652,3.68,3.658,1679544.82,1429214.71,1577909.39
2017-03-06,3.65,3.66,3.63,3.6,2883619.25,-0.02,-0.55,3.66,3.687,3.653,1591561.22,1529138.79,1568639.58
2017-03-03,3.66,3.66,3.65,3.64,853942.12,-0.02,-0.55,3.672,3.693,3.649,1261813.5,1567192.96,1480324.02
2017-03-02,3.68,3.69,3.67,3.66,1055154.0,0.0,0.0,3.686,3.691,3.644,1318344.75,1622384.8,1473100.98
2017-03-01,3.69,3.71,3.67,3.65,2320193.0,-0.01,-0.27,3.698,3.693,3.64,1409866.13,1686488.13,1497674.44
2017-02-28,3.68,3.7,3.68,3.67,844897.75,-0.01,-0.27,3.708,3.693,3.633,1178884.6,1717761.55,1422726.55
2017-02-27,3.71,3.72,3.69,3.67,1234880.62,-0.03,-0.81,3.714,3.687,3.626,1466716.35,1745694.25,1472003.04
2017-02-24,3.73,3.74,3.72,3.7,1136598.38,-0.01,-0.27,3.714,3.681,3.617,1872572.43,1787084.35,1460375.78
2017-02-23,3.71,3.75,3.73,3.71,1512760.88,0.01,0.27,3.696,3.669,3.607,1926424.85,1812342.64,1441784.4
2017-02-22,3.71,3.72,3.72,3.68,1165285.38,0.01,0.27,3.688,3.653,3.597,1963110.13,1764984.18,1438073.33
2017-02-21,3.7,3.76,3.71,3.69,2284056.5,0.02,0.54,3.678,3.636,3.586,2256638.5,1726604.06,1433942.32
2017-02-20,3.64,3.72,3.69,3.63,3264161.0,0.06,1.65,3.66,3.619,3.576,2024672.15,1608140.37,1370937.42
2017-02-17,3.69,3.69,3.63,3.63,1405860.5,-0.06,-1.63,3.648,3.605,3.566,1701596.27,1393455.07,1396190.33
2017-02-16,3.68,3.7,3.69,3.66,1696187.25,0.02,0.55,3.642,3.597,3.558,1698260.42,1323817.16,1402941.77
2017-02-15,3.62,3.68,3.67,3.61,2632927.25,0.05,1.38,3.618,3.586,3.545,1566858.24,1308860.76,1373874.62
2017-02-14,3.63,3.63,3.62,3.6,1124224.75,-0.01,-0.28,3.594,3.573,3.533,1196569.62,1127691.55,1297058.55
2017-02-13,3.6,3.64,3.63,3.59,1648781.62,0.03,0.83,3.578,3.565,3.523,1191608.6,1198311.84,1298860.77
2017-02-10,3.57,3.6,3.6,3.57,1389181.25,0.03,0.84,3.562,3.553,3.514,1085313.87,1133667.21,1259329.6
2017-02-09,3.54,3.58,3.57,3.54,1039176.31,0.02,0.56,3.552,3.545,3.506,949373.89,1071226.16,1272589.76
2017-02-08,3.53,3.55,3.55,3.51,781484.19,0.01,0.28,3.554,3.54,3.5,1050863.27,1111162.47,1281164.36
2017-02-07,3.55,3.56,3.54,3.52,1099419.62,-0.01,-0.28,3.552,3.536,3.496,1058813.47,1141280.58,1289091.31
2017-02-06,3.55,3.57,3.55,3.54,1117308.0,0.0,0.0,3.552,3.532,3.493,1205015.07,1133734.47,1290964.21
2017-02-03,3.58,3.58,3.55,3.54,709481.31,-0.03,-0.84,3.544,3.527,3.487,1182020.55,1398925.59,1275468.4
2017-01-26,3.54,3.59,3.58,3.53,1546623.25,0.04,1.13,3.538,3.518,3.481,1193078.44,1482066.39,1283138.36
2017-01-25,3.53,3.54,3.54,3.52,821235.19,0.0,0.0,3.526,3.503,3.473,1171461.66,1438888.49,1244102.23
2017-01-24,3.51,3.54,3.54,3.5,1830427.62,0.03,0.85,3.52,3.492,3.466,1223747.68,1466425.56,1241142.84
2017-01-23,3.52,3.52,3.51,3.5,1002335.38,-0.01,-0.28,3.512,3.481,3.461,1062453.86,1399409.7,1208617.14
2017-01-20,3.51,3.52,3.52,3.5,764770.75,0.0,0.0,3.51,3.474,3.457,1615830.64,1384991.98,1200492.06
2017-01-19,3.51,3.55,3.52,3.5,1438539.38,0.01,0.28,3.498,3.466,3.454,1771054.34,1473953.36,1204208.43
2017-01-18,3.5,3.52,3.51,3.49,1082665.25,0.01,0.29,3.48,3.46,3.451,1706315.31,1451166.24,1199048.83
2017-01-17,3.49,3.51,3.5,3.48,1023958.56,0.0,0.0,3.464,3.456,3.446,1709103.44,1436902.05,1232591.02
2017-01-16,3.45,3.53,3.5,3.43,3769219.25,0.04,1.16,3.45,3.453,3.444,1736365.53,1448193.96,1239734.9
2017-01-13,3.42,3.46,3.46,3.42,1540889.25,0.03,0.88,3.438,3.447,3.442,1154153.33,1152011.21,1117009.76
2017-01-12,3.43,3.44,3.43,3.42,1114844.25,0.0,0.0,3.434,3.443,3.443,1176852.38,1084210.33,1162389.04
2017-01-11,3.43,3.45,3.43,3.42,1096605.88,0.0,0.0,3.44,3.442,3.451,1196017.18,1049315.98,1197481.87
2017-01-10,3.44,3.44,3.43,3.42,1160269.0,-0.01,-0.29,3.448,3.44,3.459,1164700.66,1015860.13,1268365.66
2017-01-09,3.43,3.44,3.44,3.42,858158.25,0.0,0.0,3.456,3.441,3.469,1160022.39,1017824.58,1468405.01
2017-01-06,3.46,3.46,3.44,3.42,1654384.5,-0.02,-0.58,3.456,3.44,3.477,1149869.1,1015992.14,1625363.71
2017-01-05,3.48,3.48,3.46,3.45,1210668.25,-0.01,-0.29,3.452,3.441,3.481,991568.29,934463.5,1609188.89
2017-01-04,3.46,3.48,3.47,3.45,940023.31,0.0,0.0,3.444,3.441,3.483,902614.77,946931.42,1609927.11
2017-01-03,3.44,3.48,3.47,3.43,1136877.62,0.03,0.87,3.432,3.436,3.484,867019.6,1028279.99,1656911.93
2016-12-30,3.42,3.44,3.44,3.42,807391.81,0.02,0.58,3.426,3.435,3.487,875626.78,1031275.84,1724530.25
2016-12-29,3.41,3.44,3.42,3.4,862880.44,0.0,0.0,3.424,3.437,3.49,882115.18,1082008.31,1806010.61
2016-12-28,3.41,3.43,3.42,3.4,765900.69,0.01,0.29,3.43,3.443,3.495,877358.71,1240567.74,1854340.43
2016-12-27,3.43,3.44,3.41,3.41,762047.44,-0.03,-0.87,3.438,3.46,3.5,991248.07,1345647.77,1920158.49
2016-12-26,3.42,3.44,3.44,3.39,1179913.5,0.01,0.29,3.44,3.477,3.507,1189540.39,1520871.18,1997991.64
2016-12-23,3.44,3.45,3.43,3.41,839833.81,-0.02,-0.58,3.444,3.497,3.512,1186924.91,1918985.43,2118873.62
2016-12-22,3.45,3.46,3.45,3.43,839098.12,-0.01,-0.29,3.45,3.513,3.515,1281901.45,2234735.27,2183605.04
2016-12-21,3.42,3.46,3.46,3.41,1335347.5,0.04,1.17,3.456,3.52,3.515,1603776.77,2283914.29,2234011.2
2016-12-20,3.45,3.46,3.42,3.39,1753509.0,-0.04,-1.16,3.482,3.524,3.515,1700047.47,2272922.8,2319344.98
2016-12-19,3.45,3.47,3.46,3.43,1166836.12,0.0,0.0,3.514,3.532,3.515,1852201.97,2285543.87,2365442.71
2016-12-16,3.47,3.48,3.46,3.44,1314716.5,-0.02,-0.57,3.55,3.538,3.513,2651045.95,2417784.66,2426139.74
2016-12-15,3.57,3.58,3.48,3.47,2448474.75,-0.11,-3.06,3.576,3.543,3.509,3187569.1,2530012.91,2398714.55
2016-12-14,3.57,3.64,3.59,3.57,1816701.0,0.01,0.28,3.584,3.547,3.504,2964051.8,2468113.13,2336994.01
2016-12-13,3.62,3.63,3.58,3.54,2514281.5,-0.06,-1.65,3.566,3.54,3.494,2845798.12,2494669.2,2297718.4
2016-12-12,3.6,3.74,3.64,3.58,5161056.0,0.05,1.39,3.55,3.537,3.484,2718885.77,2475112.1,2226001.03
2016-12-09,3.51,3.62,3.59,3.51,3997332.25,0.07,1.99,3.526,3.527,3.472,2184523.37,2318761.8,2069043.54
2016-12-08,3.5,3.52,3.52,3.49,1330888.25,0.02,0.57,3.51,3.516,3.461,1872456.72,2132474.8,1971735.33
2016-12-07,3.5,3.51,3.5,3.49,1225432.62,0.0,0.0,3.51,3.509,3.454,1972174.45,2184108.11,1969603.18
2016-12-06,3.51,3.52,3.5,3.5,1879719.75,-0.01,-0.28,3.514,3.505,3.447,2143540.28,2365767.15,2005791.62
2016-12-05,3.5,3.52,3.52,3.48,2489244.0,0.01,0.28,3.524,3.498,3.442,2231338.43,2445341.55,2017583.35
2016-12-02,3.51,3.52,3.51,3.47,2436999.0,-0.01,-0.28,3.528,3.487,3.434,2453000.23,2434494.83,1950252.14
2016-12-01,3.51,3.54,3.52,3.49,1829476.88,0.01,0.28,3.522,3.474,3.427,2392492.88,2267416.18,1895489.42
2016-11-30,3.55,3.55,3.52,3.5,2082261.75,-0.04,-1.12,3.508,3.461,3.42,2396041.78,2205874.89,1862868.13
2016-11-29,3.54,3.57,3.55,3.51,2318710.5,0.01,0.28,3.496,3.448,3.413,2587994.03,2100767.61,1816729.55
2016-11-28,3.5,3.57,3.54,3.49,3597553.0,0.05,1.43,3.472,3.431,3.405,2659344.68,1976889.96,1743032.46
2016-11-25,3.45,3.49,3.48,3.45,2134462.25,0.03,0.87,3.446,3.416,3.398,2415989.43,1819325.28,1606993.75
2016-11-24,3.45,3.46,3.45,3.44,1847221.38,0.0,0.0,3.426,3.406,3.394,2142339.49,1810995.86,1577453.1
2016-11-23,3.42,3.48,3.46,3.42,3042023.0,0.03,0.88,3.414,3.399,3.391,2015708.01,1755098.24,1543790.38
2016-11-22,3.39,3.43,3.43,3.39,2675463.75,0.02,0.59,3.4,3.389,3.388,1613541.19,1645816.08,1444631.55
2016-11-21,3.37,3.42,3.41,3.37,2380776.75,0.03,0.89,3.39,3.385,3.389,1294435.24,1589825.16,1369027.6
2016-11-18,3.39,3.39,3.38,3.37,766212.56,-0.01,-0.29,3.386,3.38,3.39,1222661.14,1466009.44,1343510.25
2016-11-17,3.38,3.4,3.39,3.37,1214064.0,0.0,0.0,3.386,3.379,3.391,1479652.23,1523562.65,1353324.67
2016-11-16,3.39,3.39,3.39,3.37,1031188.88,0.0,0.0,3.384,3.378,3.39,1494488.48,1519861.38,1321331.34
2016-11-15,3.39,3.4,3.38,3.37,1079934.0,-0.02,-0.59,3.378,3.377,3.39,1678090.98,1532691.5,1298413.94
2016-11-14,3.37,3.4,3.39,3.37,2021906.25,0.01,0.3,3.38,3.378,3.39,1885215.08,1509174.96,1287318.7
2016-11-11,3.37,3.38,3.38,3.36,2051168.0,0.0,0.0,3.374,3.379,3.389,1709357.75,1394662.21,1221502.99
2016-11-10,3.37,3.39,3.38,3.36,1288245.25,0.02,0.59,3.372,3.382,3.389,1567473.07,1343910.35,1143070.14
2016-11-09,3.38,3.39,3.36,3.34,1949201.38,-0.02,-0.59,3.372,3.382,3.389,1545234.27,1332482.52,1107345.87
2016-11-08,3.36,3.4,3.39,3.36,2115554.5,0.03,0.89,3.376,3.387,3.391,1387292.02,1243447.02,1038253.09
2016-11-07,3.36,3.37,3.36,3.35,1142619.62,-0.01,-0.3,3.376,3.392,3.392,1133134.85,1148230.04,971832.4
2016-11-04,3.37,3.38,3.37,3.35,1341744.62,-0.01,-0.3,3.384,3.399,3.393,1079966.67,1221011.06,958645.45
2016-11-03,3.37,3.38,3.38,3.35,1177051.25,0.0,0.0,3.392,3.402,3.394,1120347.62,1183086.69,919462.57
2016-11-02,3.39,3.4,3.38,3.37,1159490.12,-0.02,-0.59,3.392,3.402,3.393,1119730.77,1122801.31,892075.01
2016-11-01,3.38,3.4,3.39,3.38,844768.62,0.0,0.0,3.398,3.402,3.392,1099602.03,1064136.38,866454.43
2016-10-31,3.4,3.4,3.4,3.38,876778.75,-0.01,-0.29,3.408,3.402,3.391,1163325.23,1065462.45,875561.99
2016-10-28,3.39,3.41,3.41,3.38,1543649.38,0.02,0.59,3.414,3.398,3.39,1362055.45,1048343.76,903090.49
2016-10-27,3.41,3.41,3.38,3.37,1173967.0,-0.03,-0.88,3.412,3.395,3.389,1245825.75,942229.93,856625.51
2016-10-26,3.44,3.44,3.41,3.4,1058846.38,-0.03,-0.87,3.412,3.396,3.39,1125871.85,882209.22,839525.92
2016-10-25,3.43,3.45,3.44,3.43,1163384.62,0.01,0.29,3.406,3.394,3.388,1028670.74,833059.16,844052.51
2016-10-24,3.4,3.46,3.43,3.39,1870429.88,0.03,0.88,3.396,3.391,3.383,967599.66,795434.76,817866.23
2016-10-21,3.39,3.4,3.4,3.37,962500.88,0.01,0.29,3.382,3.387,3.379,734632.08,696279.84,788459.86
2016-10-20,3.39,3.4,3.38,3.38,574197.5,0.0,0.0,3.378,3.385,3.376,638634.11,655838.45,815249.16
2016-10-19,3.39,3.41,3.38,3.38,572840.81,-0.01,-0.29,3.38,3.383,3.376,638546.59,661348.71,829949.79
2016-10-18,3.36,3.4,3.39,3.36,858029.25,0.03,0.89,3.382,3.381,3.376,637447.58,668772.48,887419.27
2016-10-17,3.38,3.38,3.36,3.36,705591.94,-0.02,-0.59,3.386,3.38,3.379,623269.85,685661.54,872272.9
2016-10-14,3.38,3.38,3.38,3.36,482511.06,0.0,0.0,3.392,3.381,3.384,657927.6,757837.22,870954.22
2016-10-13,3.39,3.39,3.39,3.37,573759.88,0.0,0.0,3.392,3.382,3.387,673042.79,771021.09,899776.55
2016-10-12,3.4,3.4,3.39,3.38,567345.75,-0.01,-0.29,3.386,3.383,3.391,684150.82,796842.62,928000.3
2016-10-11,3.4,3.41,3.41,3.39,787140.62,0.01,0.29,3.38,3.381,3.395,700097.39,855045.87,965910.51
2016-10-10,3.38,3.4,3.39,3.37,878880.69,0.02,0.59,3.374,3.374,3.398,748053.22,840297.7,982031.2
2016-09-30,3.36,3.38,3.38,3.36,558087.0,0.01,0.3,3.37,3.37,3.402,857746.84,880639.88,989822.91
2016-09-29,3.36,3.37,3.36,3.36,629300.06,0.0,0.0,3.372,3.366,3.407,868999.39,974659.87,1001652.94
2016-09-28,3.38,3.38,3.36,3.35,647078.56,-0.02,-0.59,3.38,3.368,3.411,909534.41,998550.88,1009675.01
2016-09-27,3.37,3.39,3.38,3.35,1026919.81,0.01,0.3,3.382,3.37,3.415,1009994.35,1106066.06,1030270.16
2016-09-26,3.4,3.4,3.37,3.36,1427348.75,-0.03,-0.88,3.374,3.377,3.418,932542.18,1058884.26,1017369.22
2016-09-23,3.39,3.41,3.39,3.38,614349.75,0.0,0.0,3.37,3.386,3.423,903532.93,984071.21,1004366.18
2016-09-22,3.38,3.41,3.4,3.38,831975.19,0.02,0.59,3.36,3.392,3.426,1080320.35,1028532.01,1034394.57
2016-09-21,3.35,3.39,3.37,3.33,1149378.25,0.03,0.9,3.356,3.398,3.429,1087567.34,1059157.98,1115430.91
2016-09-20,3.35,3.35,3.34,3.33,639658.94,-0.01,-0.3,3.358,3.408,3.433,1202137.76,1076775.15,1154406.69
2016-09-19,3.33,3.35,3.35,3.32,1282302.5,0.01,0.3,3.38,3.422,3.437,1185226.34,1123764.7,1164802.57
2016-09-14,3.37,3.38,3.34,3.32,1498286.88,-0.04,-1.18,3.402,3.434,3.441,1064609.5,1099005.93,1194432.32
2016-09-13,3.38,3.4,3.38,3.38,868210.12,0.0,0.0,3.424,3.447,3.446,976743.67,1028646.02,1197627.74
2016-09-12,3.43,3.43,3.38,3.37,1722230.38,-0.06,-1.74,3.44,3.454,3.45,1030748.63,1020799.14,1471622.06
2016-09-09,3.45,3.46,3.45,3.44,555101.81,0.0,0.0,3.458,3.459,3.459,951412.53,954474.26,1525603.1
2016-09-08,3.45,3.46,3.46,3.44,679218.31,0.01,0.29,3.464,3.459,3.462,1062303.06,975854.18,1616986.7
2016-09-07,3.45,3.46,3.45,3.44,1058957.75,-0.01,-0.29,3.466,3.459,3.458,1133402.36,1024661.14,1678529.57
2016-09-06,3.46,3.47,3.46,3.45,1138234.88,0.0,0.0,3.47,3.459,3.454,1080548.36,1040257.13,1661582.12
2016-09-05,3.47,3.48,3.47,3.45,1325549.88,0.0,0.0,3.468,3.459,3.449,1010849.65,1171703.84,1646066.12
2016-09-02,3.47,3.48,3.48,3.45,1109554.5,0.0,0.0,3.46,3.457,3.443,957536.0,1232038.23,1611513.72
2016-09-01,3.48,3.49,3.47,3.47,1034714.81,0.0,0.0,3.454,3.452,3.435,889405.29,1205840.44,1589673.01
2016-08-31,3.45,3.48,3.47,3.45,794687.75,0.02,0.58,3.452,3.448,3.428,915919.92,1289858.71,1579621.16
2016-08-30,3.43,3.45,3.45,3.43,789741.31,0.02,0.58,3.448,3.445,3.422,999965.9,1366609.46,1580930.95
2016-08-29,3.45,3.45,3.43,3.41,1058981.62,-0.02,-0.58,3.45,3.446,3.417,1332558.04,1922444.97,1571348.7
2016-08-26,3.45,3.46,3.45,3.44,768900.94,-0.01,-0.29,3.454,3.459,3.413,1506540.46,2096731.94,1571658.52
2016-08-25,3.45,3.46,3.46,3.43,1167288.0,0.0,0.0,3.45,3.464,3.407,1522275.59,2258119.22,1565843.55
2016-08-24,3.46,3.47,3.45,3.43,1214917.62,-0.01,-0.29,3.444,3.457,3.4,1663797.49,2332397.99,1547160.93
2016-08-23,3.44,3.49,3.46,3.43,2452702.0,0.01,0.29,3.442,3.448,3.395,1733253.01,2282907.11,1560769.81
2016-08-22,3.42,3.46,3.45,3.41,1928893.75,0.02,0.58,3.442,3.438,3.39,2512331.91,2120428.41,1483947.53
2016-08-19,3.42,3.43,3.43,3.41,847576.56,0.01,0.29,3.464,3.428,3.384,2686923.41,1990989.2,1425147.57
2016-08-18,3.43,3.45,3.43,3.41,1874897.5,-0.01,-0.29,3.478,3.418,3.378,2993962.85,1973505.59,1441979.88
2016-08-17,3.43,3.45,3.44,3.41,1562195.25,-0.01,-0.29,3.47,3.408,3.371,3000998.5,1869383.61,1392424.97
2016-08-16,3.56,3.57,3.46,3.41,6348096.5,-0.1,-2.81,3.454,3.398,3.364,2832561.2,1795252.45,1350706.12
2016-08-15,3.5,3.6,3.56,3.49,2801851.25,0.06,1.71,3.434,3.387,3.357,1728524.9,1220252.43,1084514.2
2016-08-12,3.39,3.51,3.5,3.38,2382773.75,0.1,2.94,3.392,3.366,3.346,1295054.99,1046585.1,1021035.4
2016-08-11,3.35,3.41,3.39,3.35,1910075.75,0.04,1.19,3.358,3.349,3.337,953048.33,873567.88,944736.66
2016-08-10,3.35,3.36,3.36,3.35,720008.75,0.0,0.0,3.346,3.343,3.333,737768.73,761923.86,909896.35
2016-08-09,3.34,3.36,3.36,3.33,827915.0,0.02,0.6,3.342,3.341,3.332,757943.7,838632.51,977953.37
2016-08-08,3.33,3.35,3.35,3.32,634501.69,0.02,0.6,3.34,3.341,3.329,711979.95,847466.66,1029414.52
2016-08-05,3.32,3.34,3.33,3.31,672740.44,0.01,0.3,3.34,3.339,3.327,798115.21,859305.94,1050199.41
2016-08-04,3.33,3.34,3.33,3.31,833677.75,-0.01,-0.3,3.34,3.337,3.327,794087.42,910454.18,1071169.35
2016-08-03,3.35,3.36,3.34,3.33,820883.62,-0.02,-0.59,3.34,3.333,3.327,786079.0,915466.32,1085139.44
2016-08-02,3.35,3.36,3.35,3.34,598096.25,0.0,0.0,3.34,3.329,3.326,919321.32,906159.79,1101655.43
2016-08-01,3.33,3.36,3.35,3.33,1065178.0,0.01,0.3,3.342,3.326,3.325,982953.36,948775.97,1135226.05
2016-07-29,3.33,3.34,3.33,3.32,652601.5,0.0,0.0,3.338,3.326,3.323,920496.66,995485.71,1140229.48
2016-07-28,3.33,3.34,3.33,3.31,793635.62,-0.01,-0.3,3.334,3.325,3.322,1026820.94,1015905.45,1177739.32
2016-07-27,3.35,3.37,3.34,3.3,1487095.25,-0.02,-0.59,3.326,3.323,3.322,1044853.64,1057868.83,1209747.96
2016-07-26,3.32,3.36,3.36,3.32,916256.44,0.03,0.9,3.318,3.322,3.32,892998.26,1117274.22,1184534.57
2016-07-25,3.3,3.33,3.33,3.3,752894.5,0.03,0.91,3.31,3.316,3.316,914598.58,1211362.39,1211362.39
2016-07-22,3.3,3.31,3.31,3.29,1184222.88,0.01,0.3,3.314,3.314,3.314,1070474.75,1262303.26,1262303.26
2016-07-21,3.3,3.31,3.29,3.29,883799.12,-0.01,-0.3,3.316,3.315,3.315,1004989.95,1272063.31,1272063.31
2016-07-20,3.32,3.32,3.3,3.29,727818.38,-0.02,-0.6,3.32,3.319,3.319,1070884.03,1327529.63,1327529.63
2016-07-19,3.34,3.35,3.32,3.31,1024258.0,-0.02,-0.6,3.326,3.322,3.322,1341550.18,1427481.5,1427481.5
2016-07-18,3.32,3.35,3.35,3.32,1532275.38,0.02,0.6,3.322,3.322,3.322,1508126.2,1508126.2,1508126.2
2016-07-15,3.32,3.34,3.32,3.31,856798.88,0.0,0.0,3.315,3.315,3.315,1502088.91,1502088.91,1502088.91
2016-07-14,3.33,3.33,3.31,3.3,1213269.5,-0.03,-0.9,3.313,3.313,3.313,1717185.58,1717185.58,1717185.58
2016-07-13,3.3,3.35,3.33,3.29,2081149.12,0.03,0.91,3.315,3.315,3.315,1969143.62,1969143.62,1969143.62
2016-07-12,3.25,3.31,3.3,3.24,1857138.12,0.05,1.54,3.3,3.3,3.3,1857138.12,1857138.12,1857138.12
